Feature,Importance
interest_field,0.5685709850130904
logic_score,0.14611385021668183
current_level,0.08808656703525794
math_score,0.06701727574860192
art_score,0.05094534000400765
career_goal,0.035677607644537486
study_time_per_week,0.02568319632737029
english_score,0.017905178010452535
